s,X,Y,phi,kappa,w
0.000000000000000000e+00,5.233163691102119854e-03,-8.803538706172692825e-05,-1.563836900070170399e+00,5.800980196152528967e-03,1.500000000000000000e+00
6.287608666337189955e-01,1.107013794733003979e-02,-6.288201638237189695e-01,-1.558741528328804415e+00,9.922203638162747572e-03,1.500000000000000000e+00
1.257521733267437991e+00,2.079045773767498190e-02,-1.257503798026757824e+00,-1.551644780289163972e+00,1.265173190798080799e-02,1.500000000000000000e+00
1.886282599901156987e+00,3.551158950961759431e-02,-1.886091855063519729e+00,-1.542831657024011260e+00,1.538133851420439048e-02,1.500000000000000000e+00
2.515043466534875982e+00,5.627933063181130013e-02,-2.514505633381847183e+00,-1.532456441855817753e+00,1.761221972598759136e-02,1.500000000000000000e+00
3.143804333168595200e+00,8.400476264414447058e-02,-3.142651624650724340e+00,-1.520683321091947038e+00,1.983671692597869379e-02,1.500000000000000000e+00
3.772565199802313973e+00,1.195532720740220961e-01,-3.770411839609297378e+00,-1.507588236383888392e+00,2.165290571980470549e-02,1.500000000000000000e+00
4.401326066436032747e+00,1.636420284697127359e-01,-4.397625316113452421e+00,-1.493486716457880004e+00,2.320296037664402664e-02,1.500000000000000000e+00
5.030086933069751964e+00,2.168772503188986511e-01,-5.024125195211334827e+00,-1.478387499388551074e+00,2.504519474883434849e-02,1.500000000000000000e+00
5.658847799703471182e+00,2.800113975713396375e-01,-5.649737570023017241e+00,-1.461761949603163524e+00,2.783787056687492961e-02,1.500000000000000000e+00
6.287608666337190400e+00,3.540766712794392590e-01,-6.274070824951047953e+00,-1.443378548138118278e+00,3.064231629910629806e-02,1.500000000000000000e+00
6.916369532970908729e+00,4.400900689686214617e-01,-6.896936973920213987e+00,-1.423652903721478458e+00,3.186805784110172818e-02,1.500000000000000000e+00
7.545130399604627947e+00,5.385601419318938321e-01,-7.517916677232798328e+00,-1.403313198293054009e+00,3.283283497887932306e-02,1.500000000000000000e+00
8.173891266238346276e+00,6.498280064376954490e-01,-8.136706348158014634e+00,-1.382317735823735294e+00,3.411164261430942729e-02,1.500000000000000000e+00
8.802652132872065494e+00,7.743486971601162283e-01,-8.752979435426185617e+00,-1.360366661183056936e+00,3.571399528081216357e-02,1.500000000000000000e+00
9.431412999505784711e+00,9.126767652677111320e-01,-9.366309325666380303e+00,-1.337414293971012302e+00,3.714874047233644727e-02,1.500000000000000000e+00
1.006017386613950393e+01,1.065164315127331340e+00,-9.976035016134639832e+00,-1.314039628117340985e+00,3.722635988793704387e-02,1.500000000000000000e+00
1.068893473277322315e+01,1.231983337635897735e+00,-1.058240696194399710e+01,-1.290611048469785249e+00,3.727325723501330457e-02,1.500000000000000000e+00
1.131769559940694236e+01,1.412865473373556613e+00,-1.118417353760166044e+01,-1.266799105232844669e+00,3.893270368855380331e-02,1.500000000000000000e+00
1.194645646604066158e+01,1.608539361224028630e+00,-1.178169847623340516e+01,-1.241627888884601738e+00,4.112527271822862679e-02,1.500000000000000000e+00
1.257521733267438080e+01,1.819678072508344124e+00,-1.237414389936649961e+01,-1.214880766774944609e+00,4.509467394744821889e-02,1.500000000000000000e+00
1.320397819930809824e+01,2.047453245161831248e+00,-1.295992361172125840e+01,-1.184248128583745840e+00,5.239071914897036608e-02,1.500000000000000000e+00
1.383273906594181746e+01,2.294695153740914595e+00,-1.353856115729880472e+01,-1.148968389786818367e+00,5.973853244318184236e-02,1.500000000000000000e+00
1.446149993257553668e+01,2.563973971052492917e+00,-1.410727785012442403e+01,-1.106542554583509697e+00,7.539428214591956112e-02,1.500000000000000000e+00
1.509026079920925589e+01,2.859615724005721837e+00,-1.466198976322067082e+01,-1.053972153183827087e+00,9.197468119646443063e-02,1.500000000000000000e+00
1.571902166584297511e+01,3.187426020528144388e+00,-1.519946659091912800e+01,-9.901569417463120804e-01,1.120391180639117579e-01,1.500000000000000000e+00
1.634778253247669255e+01,3.551968951176832867e+00,-1.571191982074078908e+01,-9.123228249238882759e-01,1.357030223615093567e-01,1.500000000000000000e+00
1.697654339911041177e+01,3.957973134955319328e+00,-1.619042996889504238e+01,-8.197391478376080398e-01,1.560297266777510017e-01,1.500000000000000000e+00
1.760530426574413099e+01,4.410197539728497595e+00,-1.662879456388660770e+01,-7.191089831835086876e-01,1.638851890691989943e-01,1.500000000000000000e+00
1.823406513237785020e+01,4.902846124143345641e+00,-1.701644155720313023e+01,-6.131452899475724472e-01,1.744332408957974812e-01,1.500000000000000000e+00
1.886282599901156942e+01,5.438416280209407816e+00,-1.734955441334370363e+01,-4.977810990824870774e-01,1.923744788775546000e-01,1.500000000000000000e+00
1.949158686564528864e+01,6.007017060486115057e+00,-1.761389628064492285e+01,-3.702300290343996658e-01,2.146752054575506719e-01,1.500000000000000000e+00
2.012034773227900786e+01,6.604836458960368972e+00,-1.779980109489816797e+01,-2.327806491437525716e-01,2.166619365587704460e-01,1.500000000000000000e+00
2.074910859891272708e+01,7.223970346107057239e+00,-1.790339741380369887e+01,-9.988480060687143780e-02,2.063059994127011409e-01,1.500000000000000000e+00
2.137786946554644629e+01,7.850834052507327243e+00,-1.792622549423423095e+01,2.504217879164197594e-02,1.853330050568047782e-01,1.500000000000000000e+00
2.200663033218016551e+01,8.475610148614752148e+00,-1.787655670170625299e+01,1.299038322520373601e-01,1.498141919535011246e-01,1.500000000000000000e+00
2.263539119881388473e+01,9.098703170801549334e+00,-1.776709296438437491e+01,2.146516097265053769e-01,1.196046892607495471e-01,1.500000000000000000e+00
2.326415206544760395e+01,9.706526122461761830e+00,-1.761147337264396029e+01,2.851443119958595451e-01,1.053480116049986259e-01,1.500000000000000000e+00
2.389291293208132316e+01,1.030476544479819800e+01,-1.741524171882551997e+01,3.474619114154421928e-01,9.289272385304928048e-02,1.500000000000000000e+00
2.452167379871504238e+01,1.089034369115851852e+01,-1.718441906924216056e+01,4.022191340472640042e-01,8.081525169054970537e-02,1.500000000000000000e+00
2.515043466534876160e+01,1.146281074630421593e+01,-1.692441526262610196e+01,4.491347850990577428e-01,6.844028621579124894e-02,1.500000000000000000e+00
2.577919553198247726e+01,1.202347011976183566e+01,-1.664005004174373425e+01,4.885083349686206167e-01,5.806781011952159149e-02,1.500000000000000000e+00
2.640795639861619648e+01,1.257365877471057125e+01,-1.633510545798335656e+01,5.230278233782588160e-01,5.166516050774057345e-02,1.500000000000000000e+00
2.703671726524991570e+01,1.311293040616342864e+01,-1.601288788810607500e+01,5.534644043684759929e-01,4.523075041776028482e-02,1.500000000000000000e+00
2.766547813188363492e+01,1.364345606162310531e+01,-1.567497095870041868e+01,5.803122101048027170e-01,4.023992235672577134e-02,1.500000000000000000e+00
2.829423899851735413e+01,1.416492580861830675e+01,-1.532396801615062110e+01,6.040629324664725797e-01,3.531837025638361049e-02,1.500000000000000000e+00
2.892299986515107335e+01,1.467850254306036284e+01,-1.496141785193032270e+01,6.249816102388364714e-01,3.193227093279558254e-02,1.500000000000000000e+00
2.955176073178479257e+01,1.518477119128287711e+01,-1.458855611024500121e+01,6.443927308589878500e-01,2.980923126025728995e-02,1.500000000000000000e+00
3.018052159841851179e+01,1.568388543327970375e+01,-1.420633196155233335e+01,6.624656168666264167e-01,2.772209327167207346e-02,1.500000000000000000e+00
3.080928246505223100e+01,1.617633275072446963e+01,-1.381539902203367731e+01,6.793059824581042516e-01,2.584411532908233167e-02,1.500000000000000000e+00
3.143804333168595022e+01,1.666235721082780330e+01,-1.341652049326843965e+01,6.949650541194096753e-01,2.396616880905597449e-02,1.500000000000000000e+00
3.206680419831966589e+01,1.714230433358141426e+01,-1.301037096360310841e+01,7.094561312677970522e-01,2.213925206640844287e-02,1.500000000000000000e+00
3.269556506495338510e+01,1.761657118448286141e+01,-1.259756276958123422e+01,7.228066649279974998e-01,2.032746336834263465e-02,1.500000000000000000e+00
3.332432593158710432e+01,1.808552653566314916e+01,-1.217871941939164948e+01,7.350544514849606248e-01,1.878220717278791460e-02,1.500000000000000000e+00
3.395308679822082354e+01,1.854948820776363405e+01,-1.175436983994808848e+01,7.464917520343400392e-01,1.759891874758600511e-02,1.500000000000000000e+00
3.458184766485454276e+01,1.900873454223453862e+01,-1.132490408152695061e+01,7.571870693029967292e-01,1.645895335209753702e-02,1.500000000000000000e+00
3.521060853148826197e+01,1.946348096793336424e+01,-1.089068281348630585e+01,7.673920205512348991e-01,1.600159768000560326e-02,1.500000000000000000e+00
3.583936939812198119e+01,1.991383100698978126e+01,-1.045191276135110492e+01,7.773098439878328714e-01,1.554604451151829665e-02,1.500000000000000000e+00
3.646813026475570041e+01,2.035986705754470094e+01,-1.000875052080295191e+01,7.870159215875949243e-01,1.544192671138871348e-02,1.500000000000000000e+00
3.709689113138941963e+01,2.080157590046660943e+01,-9.561280290401136028e+00,7.967461061252647525e-01,1.550863748026163821e-02,1.500000000000000000e+00
3.772565199802313884e+01,2.123889781526251497e+01,-9.109526570555049219e+00,8.065219114044750448e-01,1.561158549654426131e-02,1.500000000000000000e+00
3.835441286465685806e+01,2.167176577322295827e+01,-8.653496746561847530e+00,8.163955522129098252e-01,1.579526899101812640e-02,1.500000000000000000e+00
3.898317373129057728e+01,2.210008181165943952e+01,-8.193192154404918881e+00,8.263850543937900639e-01,1.598020954825382298e-02,1.500000000000000000e+00
3.961193459792429650e+01,2.252373384197645123e+01,-7.728588249148448774e+00,8.366236832886673191e-01,1.662186895034290651e-02,1.500000000000000000e+00
4.024069546455801571e+01,2.294250594737573934e+01,-7.259583380005020459e+00,8.472886907898876663e-01,1.730232155086007528e-02,1.500000000000000000e+00
4.086945633119173493e+01,2.335615301161599433e+01,-6.786050228088591929e+00,8.583707335029536756e-01,1.792004470306546304e-02,1.500000000000000000e+00
4.149821719782545415e+01,2.376443880034969069e+01,-6.307886888859837171e+00,8.698171838022674685e-01,1.848992492949147817e-02,1.500000000000000000e+00
4.212697806445917337e+01,2.416713674804174872e+01,-5.825010465520574776e+00,8.816293606552954021e-01,1.918051876506304126e-02,1.500000000000000000e+00
4.275573893109289259e+01,2.456396728151309361e+01,-5.337291927450000806e+00,8.940798424797049559e-01,2.042299653646676219e-02,1.500000000000000000e+00
4.338449979772661180e+01,2.495449337544296498e+01,-4.844529161550969576e+00,9.073124273233490467e-01,2.166886804567375036e-02,1.500000000000000000e+00
4.401326066436033102e+01,2.533829949290662142e+01,-4.346503226376992934e+00,9.211487104280403626e-01,2.220932697829175462e-02,1.500000000000000000e+00
4.464202153099405024e+01,2.571511210847888762e+01,-3.843169027337451471e+00,9.352324577122956839e-01,2.258992243561018173e-02,1.500000000000000000e+00
4.527078239762776946e+01,2.608473605865060918e+01,-3.334529419859526556e+00,9.495982553813784310e-01,2.328019658095691058e-02,1.500000000000000000e+00
4.589954326426148867e+01,2.644686880367093806e+01,-2.820527915200355284e+00,9.645817113559002065e-01,2.438076267684359533e-02,1.500000000000000000e+00
4.652830413089520789e+01,2.680107150560166929e+01,-2.301047724714749165e+00,9.802564797245267858e-01,2.539042651867853134e-02,1.500000000000000000e+00
4.715706499752892711e+01,2.714700853215214948e+01,-1.776015186833887816e+00,9.961023004025960637e-01,2.501393142097285346e-02,1.500000000000000000e+00
4.778582586416264633e+01,2.748464591425841519e+01,-1.245605962964674962e+00,1.011713400942428454e+00,2.464388152072347765e-02,1.500000000000000000e+00
4.841458673079636554e+01,2.781400948629519831e+01,-7.100120421294280337e-01,1.027242134534064988e+00,2.496946347863214857e-02,1.500000000000000000e+00
4.904334759743008476e+01,2.813491817707376796e+01,-1.693186558062807767e-01,1.043146430380123890e+00,2.562094132115405251e-02,1.500000000000000000e+00
4.967210846406380398e+01,2.844707409144608690e+01,3.764642067915851542e-01,1.059403414360714946e+00,2.569182786567881377e-02,1.500000000000000000e+00
5.030086933069752320e+01,2.875041014157809727e+01,9.272055703975585761e-01,1.075185062627788346e+00,2.450846427633212449e-02,1.500000000000000000e+00
5.092963019733123531e+01,2.904522679020572440e+01,1.482562234712688332e+00,1.090224748221254369e+00,2.333164256687320776e-02,1.500000000000000000e+00
5.155839106396495453e+01,2.933180560962627581e+01,2.042217528042262753e+00,1.104872024072770520e+00,2.333377451449068080e-02,1.500000000000000000e+00
5.218715193059867374e+01,2.961013877872136746e+01,2.606008940745194735e+00,1.119570223751877869e+00,2.342015394116597413e-02,1.500000000000000000e+00
5.281591279723239296e+01,2.988015919764709238e+01,3.173819594250243181e+00,1.134112543851008459e+00,2.233264479123213062e-02,1.500000000000000000e+00
5.344467366386611218e+01,3.014219352067203062e+01,3.745369091757626112e+00,1.147534646457407881e+00,2.036188580207917709e-02,1.500000000000000000e+00
5.407343453049983140e+01,3.039689311922158055e+01,4.320237027903468530e+00,1.159731604359921064e+00,1.860510758665251049e-02,1.500000000000000000e+00
5.470219539713355061e+01,3.064481018640337595e+01,4.898049372573092697e+00,1.171159402207345268e+00,1.774567029787147560e-02,1.500000000000000000e+00
5.533095626376726983e+01,3.088626854707869285e+01,5.478600972069882502e+00,1.182047627588863614e+00,1.688842969442478151e-02,1.500000000000000000e+00
5.595971713040098905e+01,3.112161043796874083e+01,6.061637714287689604e+00,1.191965411578153500e+00,1.436552196004776093e-02,1.500000000000000000e+00
5.658847799703470827e+01,3.135168436248363477e+01,6.646794138736378699e+00,1.200092683552113737e+00,1.148632155933090350e-02,1.500000000000000000e+00
5.721723886366842748e+01,3.157752344660748633e+01,7.233601406133246314e+00,1.206453155706159297e+00,8.907434719296902087e-03,1.500000000000000000e+00
5.784599973030214670e+01,3.180006317367112345e+01,7.821659146564176268e+00,1.211354563420260932e+00,6.683468200389633407e-03,1.500000000000000000e+00
5.847476059693586592e+01,3.202013463088391632e+01,8.410660040628606282e+00,1.214857526178275027e+00,4.441459329886664024e-03,1.500000000000000000e+00
5.910352146356958514e+01,3.223856873974036574e+01,9.000258427812708462e+00,1.216872810100472213e+00,1.968889323395942546e-03,1.500000000000000000e+00
5.973228233020330435e+01,3.245627311435248430e+01,9.590127681663132009e+00,1.217333457321621459e+00,-5.036361770736400532e-04,1.500000000000000000e+00
6.036104319683702357e+01,3.267416496452230490e+01,1.017993074450612134e+01,1.216241577478427205e+00,-2.966709494892533737e-03,1.500000000000000000e+00
6.098980406347074279e+01,3.289315522622907650e+01,1.076932261475791996e+01,1.213603075216227900e+00,-5.426025505564541739e-03,1.500000000000000000e+00
6.161856493010446201e+01,3.311415329157119203e+01,1.135796347660369143e+01,1.209439490179474941e+00,-7.678609448445485909e-03,1.500000000000000000e+00
6.224732579673818123e+01,3.333798024307371577e+01,1.194553859301498200e+01,1.204037012037459942e+00,-9.505946141802557037e-03,1.500000000000000000e+00
6.287608666337190044e+01,3.356531216360434655e+01,1.253175784508452928e+01,1.197485496434847363e+00,-1.133367441711284618e-02,1.500000000000000000e+00
6.350484753000561966e+01,3.379687211271870950e+01,1.311633015623110765e+01,1.189502339373285311e+00,-1.409673835827925797e-02,1.500000000000000000e+00
6.413360839663933177e+01,3.403360047948754641e+01,1.369881772673766562e+01,1.179757813280058576e+00,-1.689942343199149141e-02,1.500000000000000000e+00
6.476236926327305810e+01,3.427648728413516466e+01,1.427876033459469340e+01,1.168393392458480617e+00,-1.892091715088917506e-02,1.500000000000000000e+00
6.539113012990677021e+01,3.452625227708625744e+01,1.485577995733711987e+01,1.156038986010578196e+00,-2.037730338002745334e-02,1.500000000000000000e+00
6.601989099654049653e+01,3.478339303224090884e+01,1.542955682494462977e+01,1.142740453006812595e+00,-2.227869866682291242e-02,1.500000000000000000e+00
6.664865186317420864e+01,3.504861183321344242e+01,1.599963577928290093e+01,1.127567321960331048e+00,-2.598636738818994874e-02,1.500000000000000000e+00
6.727741272980793497e+01,3.532310885540638168e+01,1.656530386224076778e+01,1.110061272579603076e+00,-2.969769539705383044e-02,1.500000000000000000e+00
6.790617359644164708e+01,3.560804049486038991e+01,1.712575693788215503e+01,1.090650640463437959e+00,-3.177408519037612511e-02,1.500000000000000000e+00
6.853493446307537340e+01,3.590412591402387932e+01,1.768043398617124140e+01,1.070119899259339036e+00,-3.353259723633879308e-02,1.500000000000000000e+00
6.916369532970908551e+01,3.621186423423443301e+01,1.822875264087107539e+01,1.048294064012230464e+00,-3.661250357490315049e-02,1.500000000000000000e+00
6.979245619634281184e+01,3.653215933422038120e+01,1.876980529526252184e+01,1.023794252944903116e+00,-4.132290446620376367e-02,1.500000000000000000e+00
7.042121706297652395e+01,3.686639512603944979e+01,1.930234150645503277e+01,9.963305951006156125e-01,-4.586492687082970032e-02,1.500000000000000000e+00
7.104997792961025027e+01,3.721576696655750283e+01,1.982509496790854442e+01,9.666855101227332936e-01,-4.844085063687504633e-02,1.500000000000000000e+00
7.167873879624396238e+01,3.758088227294889805e+01,2.033694350504641690e+01,9.354024612907712033e-01,-5.107543558525925315e-02,1.500000000000000000e+00
7.230749966287768871e+01,3.796235173656574347e+01,2.083685376672589129e+01,9.020841434823407834e-01,-5.538192728512101454e-02,1.500000000000000000e+00
7.293626052951140082e+01,3.836093881372293168e+01,2.132309684303362118e+01,8.656638689832338862e-01,-6.048263356889607006e-02,1.500000000000000000e+00
7.356502139614512714e+01,3.877767522629795849e+01,2.179378901226700194e+01,8.261331177244253254e-01,-6.454941575293168810e-02,1.500000000000000000e+00
7.419378226277883925e+01,3.921320245274962701e+01,2.224730312383086783e+01,7.849070162637494796e-01,-6.659292819188243617e-02,1.500000000000000000e+00
7.482254312941256558e+01,3.966720622224899984e+01,2.268206595744032583e+01,7.423728239980977861e-01,-6.874149306140289739e-02,1.500000000000000000e+00
7.545130399604627769e+01,4.013965704385401523e+01,2.309697685508940523e+01,6.988115090397413187e-01,-6.978842517505723375e-02,1.500000000000000000e+00
7.608006486268000401e+01,4.062977802848056541e+01,2.349069642483201648e+01,6.545822981406198560e-01,-7.092697127504883625e-02,1.500000000000000000e+00
7.670882572931371612e+01,4.113686990216390171e+01,2.386217568329563932e+01,6.100570114202159555e-01,-6.981271395657906442e-02,1.500000000000000000e+00
7.733758659594744245e+01,4.165982891866104154e+01,2.421110179218253222e+01,5.669770394154534099e-01,-6.723902175149713834e-02,1.500000000000000000e+00
7.796634746258115456e+01,4.219712441167608574e+01,2.453764778218226539e+01,5.255458516706722483e-01,-6.389595407188193577e-02,1.500000000000000000e+00
7.859510832921488088e+01,4.274690908962401181e+01,2.484236936651771899e+01,4.873048300178760006e-01,-5.778391359233179397e-02,1.500000000000000000e+00
7.922386919584859299e+01,4.330768782096171776e+01,2.512706083096918519e+01,4.528560506898805516e-01,-5.178678994633836158e-02,1.500000000000000000e+00
7.985263006248231932e+01,4.387727710259017044e+01,2.539319138436484735e+01,4.217956147110119014e-01,-4.719214735408524403e-02,1.500000000000000000e+00
8.048139092911603143e+01,4.445458415213331449e+01,2.564233563883351863e+01,3.934929429096067355e-01,-4.284090944088525532e-02,1.500000000000000000e+00
8.111015179574974354e+01,4.503839528876936527e+01,2.587585113360580635e+01,3.680203238907163721e-01,-3.780272683721985078e-02,1.500000000000000000e+00
8.173891266238346986e+01,4.562755501597822416e+01,2.609542543151298588e+01,3.460767645396355952e-01,-3.199975739174189260e-02,1.500000000000000000e+00
8.236767352901718198e+01,4.622103689311756369e+01,2.630310894901381147e+01,3.277610026703333124e-01,-2.655288726095179214e-02,1.500000000000000000e+00
8.299643439565090830e+01,4.681795550985458476e+01,2.650074751823896690e+01,3.120384223342901886e-01,-2.345583479862798845e-02,1.500000000000000000e+00
8.362519526228462041e+01,4.741767175519682809e+01,2.668954485194215209e+01,2.982637002026997664e-01,-2.036228064471481969e-02,1.500000000000000000e+00
8.425395612891834674e+01,4.801978239347268129e+01,2.687067837607283849e+01,2.865657856326899178e-01,-1.669749160835695342e-02,1.500000000000000000e+00
8.488271699555205885e+01,4.862374817161563811e+01,2.704547782601603600e+01,2.772833066868188867e-01,-1.282876570528742460e-02,1.500000000000000000e+00
8.551147786218578517e+01,4.922910049136869048e+01,2.721539582438982308e+01,2.703954151319931665e-01,-9.283801634816088097e-03,1.500000000000000000e+00
8.614023872881949728e+01,4.983545423196409274e+01,2.738176841410360041e+01,2.655027481404788614e-01,-6.278820693241905782e-03,1.500000000000000000e+00
8.676899959545322361e+01,5.044244512281191106e+01,2.754574189004395990e+01,2.624997729965459214e-01,-3.273345535488153372e-03,1.500000000000000000e+00
8.739776046208693572e+01,5.104978869615114689e+01,2.770847042050259290e+01,2.613876758675485745e-01,-2.639499172290410141e-04,1.500000000000000000e+00
8.802652132872066204e+01,5.165715096203979328e+01,2.787109593260679574e+01,2.621678795475471668e-01,2.745697386416701222e-03,1.500000000000000000e+00
8.865528219535437415e+01,5.226422341700827445e+01,2.803477537755118476e+01,2.648981504729570058e-01,6.048814846216043865e-03,1.500000000000000000e+00
8.928404306198810048e+01,5.287067246706928358e+01,2.820076507616449746e+01,2.697948278471307137e-01,9.526746006250984972e-03,1.500000000000000000e+00
8.991280392862181259e+01,5.347611429106824232e+01,2.837038370422457945e+01,2.768770708554311177e-01,1.299515945647611304e-02,1.500000000000000000e+00
9.054156479525553891e+01,5.408011666484638624e+01,2.854493278762755182e+01,2.861300263104299968e-01,1.643854220337720787e-02,1.500000000000000000e+00
9.117032566188925102e+01,5.468236417899813517e+01,2.872573970936063148e+01,2.975480404074530294e-01,1.987639906799227793e-02,1.500000000000000000e+00
9.179908652852297735e+01,5.528212612788964009e+01,2.891408895337809781e+01,3.115734863145269151e-01,2.494540340751266738e-02,1.500000000000000000e+00
9.242784739515668946e+01,5.587898686863582753e+01,2.911186294811240671e+01,3.289223931566720993e-01,3.023375366637089459e-02,1.500000000000000000e+00
9.305660826179041578e+01,5.647193063475024388e+01,2.932092750442484785e+01,3.495822445366936759e-01,3.546992278710661001e-02,1.500000000000000000e+00
9.368536912842412789e+01,5.706003761862838530e+01,2.954315183629361385e+01,3.735229137520547638e-01,4.069081336570869872e-02,1.500000000000000000e+00
9.431412999505785422e+01,5.764248080636042459e+01,2.978043789074564884e+01,4.007748551522082314e-01,4.634552474188280424e-02,1.500000000000000000e+00
9.494289086169156633e+01,5.821755935443227514e+01,3.003467884303311664e+01,4.326729845106461192e-01,5.514033987328859077e-02,1.500000000000000000e+00
9.557165172832529265e+01,5.878342716350022812e+01,3.030868155319612711e+01,4.701468510876249951e-01,6.407776426353346821e-02,1.500000000000000000e+00
9.620041259495900476e+01,5.933819212916636587e+01,3.060546683884337682e+01,5.132410345165920873e-01,7.289133209328035878e-02,1.500000000000000000e+00
9.682917346159273109e+01,5.987839343929253033e+01,3.092715982051635493e+01,5.619388999929951778e-01,8.208026552596182912e-02,1.500000000000000000e+00
9.745793432822644320e+01,6.040135929346276100e+01,3.127636575152752485e+01,6.165608460717286743e-01,9.170538856661833438e-02,1.500000000000000000e+00
9.808669519486016952e+01,6.090367304167106965e+01,3.165545440338673444e+01,6.775207314188154140e-01,1.021494783033701781e-01,1.500000000000000000e+00
9.871545606149388163e+01,6.137914211084744665e+01,3.206472939604421413e+01,7.450861550175509329e-01,1.132002773898657250e-01,1.500000000000000000e+00
9.934421692812760796e+01,6.182590715504620249e+01,3.250774442846051926e+01,8.177612585579370208e-01,1.177732439465615094e-01,1.500000000000000000e+00
9.997297779476132007e+01,6.223802488105287978e+01,3.298185568378119115e+01,8.931808082457213249e-01,1.222478937954476347e-01,1.500000000000000000e+00
1.006017386613950464e+02,6.261243452618101912e+01,3.348519235821556350e+01,9.679609667817273833e-01,1.112189879056390412e-01,1.500000000000000000e+00
1.012304995280287585e+02,6.295151737348637511e+01,3.401445822169401367e+01,1.032159201628106482e+00,9.309132075370961379e-02,1.500000000000000000e+00
1.018592603946624706e+02,6.325937441419151952e+01,3.456329609790859791e+01,1.085228088252445655e+00,7.574557580292215486e-02,1.500000000000000000e+00
1.024880212612961969e+02,6.354023714013580815e+01,3.512519934412785005e+01,1.127591695641924963e+00,5.921835793165283052e-02,1.500000000000000000e+00
1.031167821279299091e+02,6.380065290592207106e+01,3.569869526806493809e+01,1.159834255858964935e+00,4.325669374150881152e-02,1.500000000000000000e+00
1.037455429945636354e+02,6.404548465060867102e+01,3.627789798762266571e+01,1.179286589674890973e+00,1.843703247215773208e-02,1.500000000000000000e+00
1.043743038611973475e+02,6.428359214957583845e+01,3.685992702454969105e+01,1.183041458687717373e+00,-6.502622479907865620e-03,1.500000000000000000e+00
1.050030647278310738e+02,6.452424925872695383e+01,3.744150075357138263e+01,1.171461037614596856e+00,-2.949245860455053381e-02,1.500000000000000000e+00
1.056318255944647859e+02,6.477544101179418590e+01,3.801802916396132304e+01,1.146042395551312154e+00,-5.140416228991761399e-02,1.500000000000000000e+00
1.062605864610985122e+02,6.504472600211995825e+01,3.858533145334391889e+01,1.107137254864064335e+00,-6.901779199778680651e-02,1.500000000000000000e+00
1.068893473277322244e+02,6.533824019522502624e+01,3.914150595500365171e+01,1.063047394834098380e+00,-7.117939502830492038e-02,1.500000000000000000e+00
1.075181081943659507e+02,6.565611936486145339e+01,3.968362000627296737e+01,1.017654459231003061e+00,-7.325161639012929549e-02,1.500000000000000000e+00
1.081468690609996628e+02,6.599853311766275965e+01,4.021057644493635053e+01,9.714732803224086499e-01,-7.346256416800717171e-02,1.500000000000000000e+00
1.087756299276333891e+02,6.636509655405036767e+01,4.072141934604235303e+01,9.252823182906684263e-01,-7.347028579277917193e-02,1.500000000000000000e+00
1.094043907942671012e+02,6.675470848222926179e+01,4.121468981067939552e+01,8.796112245576968025e-01,-7.016003193984921005e-02,1.500000000000000000e+00
1.100331516609008276e+02,6.716566469406339479e+01,4.169034924601310621e+01,8.375670571450599677e-01,-6.362673326801117357e-02,1.500000000000000000e+00
1.106619125275345397e+02,6.759566253630573840e+01,4.214954518107448678e+01,7.995358628606558105e-01,-5.750315596732930717e-02,1.500000000000000000e+00
1.112906733941682660e+02,6.804165994421742880e+01,4.259246517029634305e+01,7.648070492660439257e-01,-5.301269394586054923e-02,1.500000000000000000e+00
1.119194342608019781e+02,6.850241491316994313e+01,4.302049747670429269e+01,7.328452589766474290e-01,-4.865187124845932881e-02,1.500000000000000000e+00
1.125481951274357044e+02,6.897595044124736319e+01,4.343416887529846093e+01,7.037081178110558000e-01,-4.391613521229973532e-02,1.500000000000000000e+00
1.131769559940694165e+02,6.946071094226428499e+01,4.383459412214310902e+01,6.776216839230823075e-01,-3.906714449156803437e-02,1.500000000000000000e+00
1.138057168607031429e+02,6.995518810076512750e+01,4.422300451163384594e+01,6.545038946524985857e-01,-3.479169298923644182e-02,1.500000000000000000e+00
1.144344777273368550e+02,7.045804529254905901e+01,4.460048036622958278e+01,6.337044537544785916e-01,-3.136758750349442210e-02,1.500000000000000000e+00
1.150632385939705813e+02,7.096819377305104126e+01,4.496792558513084970e+01,6.150559150761150118e-01,-2.796644377312812457e-02,1.500000000000000000e+00
1.156919994606042934e+02,7.148481929258159084e+01,4.532637690181511658e+01,5.984041801786517123e-01,-2.499551978315724121e-02,1.500000000000000000e+00
1.163207603272380197e+02,7.200695677768486291e+01,4.567662611476369960e+01,5.836230201846084320e-01,-2.202352085844878210e-02,1.500000000000000000e+00
1.169495211938717318e+02,7.253391504408725154e+01,4.601961809604497944e+01,5.706633813841903713e-01,-1.928243983774543743e-02,1.500000000000000000e+00
1.175782820605054582e+02,7.306499715988155685e+01,4.635619763755939005e+01,5.593606149604495315e-01,-1.667011452021014556e-02,1.500000000000000000e+00
1.182070429271391703e+02,7.359956901747375468e+01,4.668718632209540687e+01,5.496934209226586043e-01,-1.414007424192416720e-02,1.500000000000000000e+00
1.188358037937728966e+02,7.413708052304775720e+01,4.701341132115825161e+01,5.415291291938938434e-01,-1.182914902552445816e-02,1.500000000000000000e+00
1.194645646604066087e+02,7.467699712404665036e+01,4.733562567925047659e+01,5.348180187536216712e-01,-9.518229737825983916e-03,1.500000000000000000e+00
1.200933255270403350e+02,7.521883635108413557e+01,4.765460674852954526e+01,5.295660485111776117e-01,-7.184958675020529026e-03,1.500000000000000000e+00
1.207220863936740471e+02,7.576211140984311498e+01,4.797113695153608148e+01,5.257829230841574164e-01,-4.848653612252402066e-03,1.500000000000000000e+00
1.213508472603077593e+02,7.630634880672400300e+01,4.828601032638789547e+01,5.234764021949542823e-01,-2.465711109361427671e-03,1.500000000000000000e+00
1.219796081269414856e+02,7.685107338851248926e+01,4.860004013154655667e+01,5.226886950050404490e-01,-3.987796101687261172e-05,1.500000000000000000e+00
1.226083689935751977e+02,7.739580650659506489e+01,4.891405668712094013e+01,5.234270740093870389e-01,2.404710956059604322e-03,1.500000000000000000e+00
1.232371298602089240e+02,7.794005897789539006e+01,4.922890000279147671e+01,5.257439612770232751e-01,4.965003248439267373e-03,1.500000000000000000e+00
1.238658907268426361e+02,7.848332883966943996e+01,4.954544252282330774e+01,5.296706378317405095e-01,7.525101358852740244e-03,1.500000000000000000e+00
1.244946515934763625e+02,7.902508266954477278e+01,4.986454779701190887e+01,5.352232011686847146e-01,1.015251877506222547e-02,1.500000000000000000e+00
1.251234124601100746e+02,7.956479644286994812e+01,5.018710962972996015e+01,5.424388941036567546e-01,1.279944022590134151e-02,1.500000000000000000e+00
1.257521733267438009e+02,8.010189092056799609e+01,5.051400180972398601e+01,5.513294589437356397e-01,1.553596444657498465e-02,1.500000000000000000e+00
1.263809341933775130e+02,8.063575369417155514e+01,5.084612079994324318e+01,5.620026222824942019e-01,1.841481995557731760e-02,1.500000000000000000e+00
1.270096950600112393e+02,8.116578201504238166e+01,5.118442860032340036e+01,5.744865608654707856e-01,2.130534195545279175e-02,1.500000000000000000e+00
1.276384559266449514e+02,8.169113841028215006e+01,5.152978797702145641e+01,5.889693409446165040e-01,2.476718894030843082e-02,1.500000000000000000e+00
1.282672167932786635e+02,8.221111024126923894e+01,5.188332514872003998e+01,6.056324292636353634e-01,2.823395674497068339e-02,1.500000000000000000e+00
1.288959776599124041e+02,8.272470461130488673e+01,5.224605068311596767e+01,6.246416624185303634e-01,3.252923522664161876e-02,1.500000000000000000e+00
1.295247385265461162e+02,8.323075886226136788e+01,5.261920002606483848e+01,6.465975443087357277e-01,3.731282111445564237e-02,1.500000000000000000e+00
1.301534993931798283e+02,8.372794316090266875e+01,5.300413773329426448e+01,6.715773205510843225e-01,4.221919825429967799e-02,1.500000000000000000e+00
1.307822602598135404e+02,8.421475163442251244e+01,5.340216803450878302e+01,6.997738708633841620e-01,4.747372340606405283e-02,1.500000000000000000e+00
1.314110211264472809e+02,8.468933297438687191e+01,5.381443878910146594e+01,7.312901696532307927e-01,5.279808262800110563e-02,1.500000000000000000e+00
1.320397819930809931e+02,8.515011608759083117e+01,5.424243503027703639e+01,7.664204377249203004e-01,5.902942124757833142e-02,1.500000000000000000e+00
1.326685428597147052e+02,8.559452994905525713e+01,5.468707209283068238e+01,8.055534006102669231e-01,6.547339905759431977e-02,1.500000000000000000e+00
1.332973037263484173e+02,8.602035017296536523e+01,5.514963767947418205e+01,8.483093560445053027e-01,6.927727854880000313e-02,1.500000000000000000e+00
1.339260645929821578e+02,8.642568210109671156e+01,5.563033557904677195e+01,8.923676045292541215e-01,7.088490114021003818e-02,1.500000000000000000e+00
1.345548254596158699e+02,8.680907915926655960e+01,5.612847742607852553e+01,9.375221193583461732e-01,7.339222642488772708e-02,1.500000000000000000e+00
1.351835863262495820e+02,8.716913689649010166e+01,5.664416656111136206e+01,9.857047481020561053e-01,7.985090196835349652e-02,1.500000000000000000e+00
1.358123471928832942e+02,8.750258719032477472e+01,5.717684906190527272e+01,1.037970733809185697e+00,8.648085271395379581e-02,1.500000000000000000e+00
1.364411080595170347e+02,8.780692602675217984e+01,5.772667532186099493e+01,1.092221273381789759e+00,8.446027875586545330e-02,1.500000000000000000e+00
1.370698689261507468e+02,8.808177046806086707e+01,5.829210505973675538e+01,1.144046331751190637e+00,8.041059684921304795e-02,1.500000000000000000e+00
1.376986297927844589e+02,8.832767460759200162e+01,5.887070098914222882e+01,1.193444621667307581e+00,7.702095243787164536e-02,1.500000000000000000e+00
1.383273906594181710e+02,8.854524555351389381e+01,5.946047083291448132e+01,1.241036430267826729e+00,7.441577465574057693e-02,1.500000000000000000e+00
1.389561515260519116e+02,8.873507556752547032e+01,6.006006663276137658e+01,1.287072153075288217e+00,7.164913632212964456e-02,1.500000000000000000e+00
1.395849123926856237e+02,8.889782409336324065e+01,6.066711033191583624e+01,1.329908606749140798e+00,6.466975183810549921e-02,1.500000000000000000e+00
1.402136732593193358e+02,8.903584733330067991e+01,6.128066056648495419e+01,1.368415642035792246e+00,5.781337229546035239e-02,1.500000000000000000e+00
1.408424341259530479e+02,8.915142748224809566e+01,6.189866542035078112e+01,1.402756809315596875e+00,5.156183051884100782e-02,1.500000000000000000e+00
1.414711949925867600e+02,8.924691777720856578e+01,6.252013449574102566e+01,1.433286408897903375e+00,4.555971862900654729e-02,1.500000000000000000e+00
1.420999558592205005e+02,8.932457165603567262e+01,6.314415809312503569e+01,1.460090913882170938e+00,3.979592409536928527e-02,1.500000000000000000e+00
1.427287167258542127e+02,8.938657070556359940e+01,6.376984930758594317e+01,1.483396783575793743e+00,3.433829431250473574e-02,1.500000000000000000e+00
1.433574775924879248e+02,8.943504499268776442e+01,6.439671407235991296e+01,1.503277543067370603e+00,2.890666122898209733e-02,1.500000000000000000e+00
1.439862384591216369e+02,8.947205414616330188e+01,6.502443277575433456e+01,1.520085274089017835e+00,2.458366600387348541e-02,1.500000000000000000e+00
1.446149993257553774e+02,8.949935288490856067e+01,6.565257280497972658e+01,1.534193229154615423e+00,2.029392785768118282e-02,1.500000000000000000e+00
1.452437601923890895e+02,8.951862364865439758e+01,6.628104074004450297e+01,1.545701633969901234e+00,1.652669566160598277e-02,1.500000000000000000e+00
1.458725210590228016e+02,8.953135884467549488e+01,6.690967377734251897e+01,1.555022576678496637e+00,1.312125143267698496e-02,1.500000000000000000e+00
1.465012819256565137e+02,8.953890725726192557e+01,6.753835866705331625e+01,1.562198216491799574e+00,9.669153183553488157e-03,1.500000000000000000e+00
1.471300427922902543e+02,8.954264030252261364e+01,6.816713499509769747e+01,1.567141766561116034e+00,6.054514709690008573e-03,1.500000000000000000e+00
1.477588036589239664e+02,8.954397957774294525e+01,6.879586343989879538e+01,1.569811682737061176e+00,2.438225668787737891e-03,1.500000000000000000e+00
1.483875645255576785e+02,8.954437755258601328e+01,6.942465445833363447e+01,1.570079501568250935e+00,-1.665453780671609070e-03,1.500000000000000000e+00
1.490163253921913906e+02,8.954543413301996679e+01,7.005340356120476031e+01,1.567712148292214502e+00,-5.865300579698513525e-03,1.500000000000000000e+00
1.496450862588251312e+02,8.954880705679951802e+01,7.068211120358755295e+01,1.562725539715300371e+00,-9.920112625835225684e-03,1.500000000000000000e+00
1.502738471254588433e+02,8.955609818061921601e+01,7.131079974147590406e+01,1.555266121488362741e+00,-1.380706993770355537e-02,1.500000000000000000e+00
1.509026079920925554e+02,8.956884679507939495e+01,7.193943320869909996e+01,1.545376350529821030e+00,-1.730231970182394968e-02,1.500000000000000000e+00
1.515313688587262675e+02,8.958821465175063281e+01,7.256763043378163047e+01,1.534610749218656478e+00,-1.695268283985055385e-02,1.500000000000000000e+00
1.521601297253600080e+02,8.961429349132352229e+01,7.319600323148004861e+01,1.524063729942505496e+00,-1.658470639004345354e-02,1.500000000000000000e+00
1.527888905919937201e+02,8.964663788437442804e+01,7.382376011092770796e+01,1.515531101436678574e+00,-8.401994520515137371e-03,1.500000000000000000e+00
1.534176514586274322e+02,8.968229678435838537e+01,7.445155680367018647e+01,1.513749538675420947e+00,2.726306966994717328e-03,1.500000000000000000e+00
1.540464123252611444e+02,8.971687865278121876e+01,7.507981012167317658e+01,1.519278105988060901e+00,1.686918510053386083e-02,1.500000000000000000e+00
1.546751731918948849e+02,8.974460716219823553e+01,7.570830810679177603e+01,1.536262146498047931e+00,3.716597303336394154e-02,1.500000000000000000e+00
1.553039340585285970e+02,8.975761884235367916e+01,7.633641464367197216e+01,1.566060505316855922e+00,5.774997470197092836e-02,1.500000000000000000e+00
1.559326949251623091e+02,8.974797626155206842e+01,7.696637901135713378e+01,1.607971776401084796e+00,7.528648671117979529e-02,1.500000000000000000e+00
1.565614557917960212e+02,8.970861926682711385e+01,7.759326812190049338e+01,1.660912365978826077e+00,9.336084367988820021e-02,1.500000000000000000e+00
1.571902166584297618e+02,8.963266790540174611e+01,7.821708059645264655e+01,1.724265817182679683e+00,1.059913258415739884e-01,1.500000000000000000e+00
1.578189775250634739e+02,8.951537486205809557e+01,7.883453056536218639e+01,1.793722419668178247e+00,1.149719074269616309e-01,1.500000000000000000e+00
1.584477383916971860e+02,8.935405401001581538e+01,7.944120950423778993e+01,1.868171107829260214e+00,1.180307696469471146e-01,1.500000000000000000e+00
1.590764992583308981e+02,8.914869891485287212e+01,8.003458041345943741e+01,1.938528820409075371e+00,1.060683873048303277e-01,1.500000000000000000e+00
1.597052601249646386e+02,8.890354227266460896e+01,8.061457925434247329e+01,2.001672904367552519e+00,9.457735987063237149e-02,1.500000000000000000e+00
1.603340209915983507e+02,8.862460372191021918e+01,8.117737970817960047e+01,2.059938533032590335e+00,9.156858213134923263e-02,1.500000000000000000e+00
1.609627818582320629e+02,8.831329618143421101e+01,8.172394963414933500e+01,2.116948569614741427e+00,8.978502686898030827e-02,1.500000000000000000e+00
1.615915427248657750e+02,8.797173546150577295e+01,8.225196533571731550e+01,2.172624893877330265e+00,8.635477014101591853e-02,1.500000000000000000e+00
1.622203035914994871e+02,8.760214546008646153e+01,8.276051403255232231e+01,2.225370450909553099e+00,8.147394708597748003e-02,1.500000000000000000e+00
1.628490644581332276e+02,8.720685861679837103e+01,8.324962119654898629e+01,2.275179599611335757e+00,7.722182881549377598e-02,1.500000000000000000e+00
1.634778253247669397e+02,8.678838192575902610e+01,8.371878133753452289e+01,2.322840458662712493e+00,7.441563009231239034e-02,1.500000000000000000e+00
1.641065861914006518e+02,8.634836877419849088e+01,8.416789672077034368e+01,2.368801434855075438e+00,7.180860051802398503e-02,1.500000000000000000e+00
1.647353470580343640e+02,8.588854817581655254e+01,8.459668093841528957e+01,2.413137885177214059e+00,6.919972746320367241e-02,1.500000000000000000e+00
1.653641079246681045e+02,8.541051965332850671e+01,8.500504801327059567e+01,2.455840978904504812e+00,6.665403821142359964e-02,1.500000000000000000e+00
1.659928687913018166e+02,8.491576010522187801e+01,8.539304493605460777e+01,2.497063988550542124e+00,6.477341696371918811e-02,1.500000000000000000e+00
1.666216296579355287e+02,8.440560193286030710e+01,8.576056207701044798e+01,2.537432438153182090e+00,6.364693730594131460e-02,1.500000000000000000e+00
1.672503905245692408e+02,8.388121879982696782e+01,8.610732316287537458e+01,2.577132820246466949e+00,6.283729824590664204e-02,1.500000000000000000e+00
1.678791513912029814e+02,8.334331665869247274e+01,8.643309102659945609e+01,2.617116754271516577e+00,6.433664059330948537e-02,1.500000000000000000e+00
1.685079122578366935e+02,8.279288562565810139e+01,8.673672070049606475e+01,2.658061643485538195e+00,6.593827535665826300e-02,1.500000000000000000e+00
1.691366731244704056e+02,8.223025091201476755e+01,8.701738883052725271e+01,2.699635821838991312e+00,6.578614448335982912e-02,1.500000000000000000e+00
1.697654339911041177e+02,8.165652360338977189e+01,8.727453546355663150e+01,2.740750552080776448e+00,6.501438545737173169e-02,1.500000000000000000e+00
1.703941948577378582e+02,8.107280045532505142e+01,8.750799458914893592e+01,2.781532653897263341e+00,6.544907986934234145e-02,1.500000000000000000e+00
1.710229557243715703e+02,8.047987175573862828e+01,8.771720737895259390e+01,2.823512618646963901e+00,6.808881529727048298e-02,1.500000000000000000e+00
1.716517165910052825e+02,7.987867677323185944e+01,8.790080727919588810e+01,2.867164090334775484e+00,7.078980093376972815e-02,1.500000000000000000e+00
1.722804774576389946e+02,7.927006295800558178e+01,8.805787888755821768e+01,2.910448439833307699e+00,6.679145427406961433e-02,1.500000000000000000e+00
1.729092383242727351e+02,7.865516753475019129e+01,8.818930703599096432e+01,2.951167633089535336e+00,6.273783767826177082e-02,1.500000000000000000e+00
1.735379991909064472e+02,7.803553837521054959e+01,8.829627963656425038e+01,2.990150421891857313e+00,6.278190088282314951e-02,1.500000000000000000e+00
1.741667600575401593e+02,7.741222940034323585e+01,8.837867727750419533e+01,3.030447470258512244e+00,6.541727107037603739e-02,1.500000000000000000e+00
1.747955209241738714e+02,7.678609704819190540e+01,8.843537166369883096e+01,3.072357035452879970e+00,6.710999431243405700e-02,1.500000000000000000e+00
1.754242817908076120e+02,7.615816405469784911e+01,8.846572500437005715e+01,3.114066871921801649e+00,6.558746097841701428e-02,1.500000000000000000e+00
1.760530426574413241e+02,7.552940723238310738e+01,8.847016215710665676e+01,-3.128330300047883927e+00,6.416028977000118316e-02,1.500000000000000000e+00
1.766818035240750362e+02,7.490104483163500504e+01,8.844913432757716976e+01,-3.087864166573083935e+00,6.481223091785034973e-02,1.500000000000000000e+00
1.773105643907087483e+02,7.427404580871497330e+01,8.840251838055958444e+01,-3.046788787121645470e+00,6.586147914590093078e-02,1.500000000000000000e+00
1.779393252573424888e+02,7.364953354416441300e+01,8.832999838511111079e+01,-3.005158770244377386e+00,6.613286260756252866e-02,1.500000000000000000e+00
1.785680861239762010e+02,7.302857682503447734e+01,8.823159186799310305e+01,-2.963742510975980515e+00,6.562548766709692949e-02,1.500000000000000000e+00
1.791968469906099131e+02,7.241218168183225146e+01,8.810764503592493213e+01,-2.922610995460553696e+00,6.521852144694700870e-02,1.500000000000000000e+00
1.798256078572436252e+02,7.180141557181786993e+01,8.795853785737513419e+01,-2.881712883824496529e+00,6.489474218838442443e-02,1.500000000000000000e+00
1.804543687238773657e+02,7.119721423625044565e+01,8.778462890857279888e+01,-2.840979666041401508e+00,6.468890320987338849e-02,1.500000000000000000e+00
1.810831295905110778e+02,7.060059360248332894e+01,8.758630248552248077e+01,-2.800389792070530959e+00,6.438880512640755838e-02,1.500000000000000000e+00
1.817118904571447899e+02,7.001249256822880795e+01,8.736398887346102526e+01,-2.759992628338284959e+00,6.412629213011991625e-02,1.500000000000000000e+00
1.823406513237785020e+02,6.943381043814596865e+01,8.711814170469914131e+01,-2.719775887856880736e+00,6.357225619467049560e-02,1.500000000000000000e+00
1.829694121904122142e+02,6.886540051525014405e+01,8.684936965436934031e+01,-2.680134301176103850e+00,6.253675919237818015e-02,1.500000000000000000e+00
1.835981730570459547e+02,6.830806568697860826e+01,8.655849285348953970e+01,-2.641107317947080979e+00,6.167809049217825440e-02,1.500000000000000000e+00
1.842269339236796668e+02,6.776235253997771224e+01,8.624601935890640902e+01,-2.601876239542606051e+00,6.310287801041948585e-02,1.500000000000000000e+00
1.848556947903133789e+02,6.722962859580839279e+01,8.591224419543844704e+01,-2.561732287756209203e+00,6.461646211298820164e-02,1.500000000000000000e+00
1.854844556569470910e+02,6.671082813380907339e+01,8.555716569100557933e+01,-2.521263949975454111e+00,6.305304267643296878e-02,1.500000000000000000e+00
1.861132165235808316e+02,6.620646290774971021e+01,8.518178279909867001e+01,-2.482602852297993046e+00,5.993791106510797106e-02,1.500000000000000000e+00
1.867419773902145437e+02,6.571659361790835874e+01,8.478764452976287203e+01,-2.445752690070567503e+00,5.820478050996374941e-02,1.500000000000000000e+00
1.873707382568482558e+02,6.524152813223722092e+01,8.437574356694881317e+01,-2.408658009717756787e+00,5.979267407987026717e-02,1.500000000000000000e+00
1.879994991234819679e+02,6.478236762769010681e+01,8.394635722277381262e+01,-2.370550308661126149e+00,6.144562881461728548e-02,1.500000000000000000e+00
1.886282599901157084e+02,6.433993129902980002e+01,8.349985076522489180e+01,-2.333203139745264831e+00,5.688305021431753344e-02,1.500000000000000000e+00
1.892570208567494205e+02,6.391361783131082319e+01,8.303767392208632714e+01,-2.299032253955085370e+00,5.181340139106791615e-02,1.500000000000000000e+00
1.898857817233831327e+02,6.350262860001626564e+01,8.256184732030217788e+01,-2.267724989386824319e+00,4.853938048423542262e-02,1.500000000000000000e+00
1.905145425900168448e+02,6.310637605435595532e+01,8.207370151248954926e+01,-2.237791584003354650e+00,4.668632341407211173e-02,1.500000000000000000e+00
1.911433034566505853e+02,6.272457414094078132e+01,8.157406990917054657e+01,-2.209019686621292777e+00,4.452240964506702647e-02,1.500000000000000000e+00
1.917720643232842974e+02,6.235691085289469981e+01,8.106408271723769587e+01,-2.182244110112673940e+00,4.065607859648657368e-02,1.500000000000000000e+00
1.924008251899180095e+02,6.200235366136177362e+01,8.054479047827385330e+01,-2.157887272493480779e+00,3.682130183139856183e-02,1.500000000000000000e+00
1.930295860565517216e+02,6.165997509392332887e+01,8.001742970153206613e+01,-2.135637248089152784e+00,3.416747069467480913e-02,1.500000000000000000e+00
1.936583469231854622e+02,6.132900446009274731e+01,7.948283402986361068e+01,-2.114901688462200280e+00,3.179231443559198816e-02,1.500000000000000000e+00
1.942871077898191743e+02,6.100878244809242545e+01,7.894172522770945477e+01,-2.095669116993789771e+00,2.931517923041348020e-02,1.500000000000000000e+00
1.949158686564528864e+02,6.069858791886358063e+01,7.839481246929166502e+01,-2.078064937510594401e+00,2.668181350092850568e-02,1.500000000000000000e+00
1.955446295230865985e+02,6.039761827209492395e+01,7.784278415942294771e+01,-2.062113714583575508e+00,2.409472936337320181e-02,1.500000000000000000e+00
1.961733903897203390e+02,6.010506259876774493e+01,7.728622581000912817e+01,-2.047609132234553098e+00,2.204160287105838209e-02,1.500000000000000000e+00
1.968021512563540512e+02,5.982025523335554595e+01,7.672568041562078633e+01,-2.034395312678025203e+00,1.999082008122936988e-02,1.500000000000000000e+00
1.974309121229877633e+02,5.954250739530814940e+01,7.616159818787238578e+01,-2.022519406772423256e+00,1.771201982100712932e-02,1.500000000000000000e+00
1.980596729896214754e+02,5.927105697128776995e+01,7.559445604737469182e+01,-2.012132685169030655e+00,1.532694252212815113e-02,1.500000000000000000e+00
1.986884338562552159e+02,5.900508525003933613e+01,7.502472224369168430e+01,-2.003224142452072698e+00,1.315219354472537891e-02,1.500000000000000000e+00
1.993171947228889280e+02,5.874384549364158659e+01,7.445280070714079557e+01,-1.995497927112843017e+00,1.142377786565472453e-02,1.500000000000000000e+00
1.999459555895226401e+02,5.848672238609155016e+01,7.387902177163422834e+01,-1.988858368097490281e+00,9.695998557855724231e-03,1.500000000000000000e+00
2.005747164561563523e+02,5.823310187956109019e+01,7.330367885189149035e+01,-1.983291199240923675e+00,8.015183814959322625e-03,1.500000000000000000e+00
2.012034773227900928e+02,5.798238573889332770e+01,7.272706885722854508e+01,-1.978779049055241268e+00,6.337378648913705170e-03,1.500000000000000000e+00
2.018322381894238049e+02,5.773396771170185815e+01,7.214946403275450848e+01,-1.975331960171508694e+00,4.602953794085230636e-03,1.500000000000000000e+00
2.024609990560575170e+02,5.748722159867249104e+01,7.157114212822865795e+01,-1.972996546273464880e+00,2.825662265342520577e-03,1.500000000000000000e+00
2.030897599226912291e+02,5.724150342819755366e+01,7.099238322784337640e+01,-1.971781726182721295e+00,9.960779719332623315e-04,1.500000000000000000e+00
2.037185207893249412e+02,5.699613830998248432e+01,7.041347329046988079e+01,-1.971801491151258245e+00,-1.058952468735543375e-03,1.500000000000000000e+00
2.043472816559586818e+02,5.675038821327360239e+01,6.983472784475729611e+01,-1.973113382223138368e+00,-3.113989206662622512e-03,1.500000000000000000e+00
2.049760425225923939e+02,5.650350043582913173e+01,6.925647025330917472e+01,-1.975756807088543177e+00,-5.321638479355999402e-03,1.500000000000000000e+00
2.056048033892261060e+02,5.625467809181299117e+01,6.867903963208765106e+01,-1.979807260592652218e+00,-7.562229976238774888e-03,1.500000000000000000e+00
2.062335642558598181e+02,5.600311569200363948e+01,6.810280835278395273e+01,-1.985282057814535595e+00,-9.916724856270627345e-03,1.500000000000000000e+00
2.068623251224935586e+02,5.574796398136776077e+01,6.752816112684418215e+01,-1.992303053192833184e+00,-1.241628481478006599e-02,1.500000000000000000e+00
2.074910859891272708e+02,5.548832049290810886e+01,6.695549371027010466e+01,-2.000896714422773393e+00,-1.497045628561480962e-02,1.500000000000000000e+00
2.081198468557609829e+02,5.522329877513380580e+01,6.638539345282381987e+01,-2.011338505455012360e+00,-1.824654376306632936e-02,1.500000000000000000e+00
2.087486077223946950e+02,5.495170988011265933e+01,6.581827826428174433e+01,-2.023840743392554486e+00,-2.151758102786075280e-02,1.500000000000000000e+00
2.093773685890284355e+02,5.467249408969162516e+01,6.525498946633202024e+01,-2.038577428621756393e+00,-2.562304894729564714e-02,1.500000000000000000e+00
2.100061294556621476e+02,5.438421344655031220e+01,6.469622488187528120e+01,-2.056097706580096940e+00,-3.010616674648109586e-02,1.500000000000000000e+00
2.106348903222958597e+02,5.408537822087959768e+01,6.414297306639132046e+01,-2.076511579268999430e+00,-3.532875428706899051e-02,1.500000000000000000e+00
2.112636511889295718e+02,5.377434018878469146e+01,6.359661447589189009e+01,-2.100864881324355338e+00,-4.214765583054008724e-02,1.500000000000000000e+00
2.118924120555633124e+02,5.344885717370589617e+01,6.305856466944771199e+01,-2.129518626093143130e+00,-4.897916796081241975e-02,1.500000000000000000e+00
2.125211729221970245e+02,5.310693234622735304e+01,6.253084879894460357e+01,-2.162736217718071341e+00,-5.675431241886429862e-02,1.500000000000000000e+00
2.131499337888307366e+02,5.274644307748643257e+01,6.201574438717159410e+01,-2.200928265163593966e+00,-6.475253386480640805e-02,1.500000000000000000e+00
2.137786946554644487e+02,5.236513488060908372e+01,6.151561314990846085e+01,-2.244505139117109138e+00,-7.458374817138704871e-02,1.500000000000000000e+00
2.144074555220981892e+02,5.196086597664554318e+01,6.103403858055821019e+01,-2.294990008793583502e+00,-8.603707255342302185e-02,1.500000000000000000e+00
2.150362163887319014e+02,5.153132641898650235e+01,6.057521521394452435e+01,-2.352636013682910310e+00,-9.620009525662719108e-02,1.500000000000000000e+00
2.156649772553656135e+02,5.107450197288560645e+01,6.014256224207655066e+01,-2.414570226385728713e+00,-1.007825500593478446e-01,1.500000000000000000e+00
2.162937381219993256e+02,5.059195290968046521e+01,5.974037272070606974e+01,-2.479542718784859989e+00,-1.061649956754379814e-01,1.500000000000000000e+00
2.169224989886330661e+02,5.008220003118664465e+01,5.937066297227512024e+01,-2.550149453742785344e+00,-1.194852242974578926e-01,1.500000000000000000e+00
2.175512598552667782e+02,4.954736196781301771e+01,5.904109100029884161e+01,-2.630205370276614385e+00,-1.354593276239816346e-01,1.500000000000000000e+00
2.181800207219004903e+02,4.898714141127186394e+01,5.875833811167576926e+01,-2.718832384520038836e+00,-1.419204739536757132e-01,1.500000000000000000e+00
2.188087815885342025e+02,4.840336510482956101e+01,5.852615065391228200e+01,-2.806861844868052014e+00,-1.382130455802737801e-01,1.500000000000000000e+00
2.194375424551679430e+02,4.780130735606375225e+01,5.834539596740442136e+01,-2.892541744488549060e+00,-1.330107780297314635e-01,1.500000000000000000e+00
2.200663033218016551e+02,4.718741149662758261e+01,5.821537277458351411e+01,-2.971822046332570189e+00,-1.197348212810566970e-01,1.500000000000000000e+00
2.206950641884353672e+02,4.656331775039880938e+01,5.813163164889233059e+01,-3.043310923605869522e+00,-1.075002305303835032e-01,1.500000000000000000e+00
2.213238250550690793e+02,4.593646656811407780e+01,5.809033027363456370e+01,-3.106954765989515810e+00,-9.490609896634687181e-02,1.500000000000000000e+00
2.219525859217027914e+02,4.530754666345012538e+01,5.808649306393778744e+01,3.120450605366501762e+00,-8.257240352544018003e-02,1.500000000000000000e+00
2.225813467883365320e+02,4.467907984566098634e+01,5.811533738754268796e+01,3.072326337142678554e+00,-6.989528191795507661e-02,1.500000000000000000e+00
2.232101076549702441e+02,4.405291943422607659e+01,5.817171355666192767e+01,3.032715002465793397e+00,-5.614451493640448126e-02,1.500000000000000000e+00
2.238388685216039562e+02,4.342890005727466018e+01,5.825019588100211365e+01,3.001651215860988042e+00,-4.310340581546370092e-02,1.500000000000000000e+00
2.244676293882376683e+02,4.280724387771467576e+01,5.834591073169308828e+01,2.976728386906831947e+00,-3.614041453644498830e-02,1.500000000000000000e+00
2.250963902548714088e+02,4.218828253623578206e+01,5.845566409816281350e+01,2.956196809663532044e+00,-2.918384756921424406e-02,1.500000000000000000e+00
2.257251511215051210e+02,4.157122112359859756e+01,5.857682429256924195e+01,2.939854148739147632e+00,-2.304516229109942679e-02,1.500000000000000000e+00
2.263539119881388331e+02,4.095608752080330817e+01,5.870689162480911705e+01,2.927186058380745415e+00,-1.724640543245356886e-02,1.500000000000000000e+00
2.269826728547725452e+02,4.034251618444432808e+01,5.884359928405899609e+01,2.918099332465627693e+00,-1.217407400398745794e-02,1.500000000000000000e+00
2.276114337214062857e+02,3.972983351872679236e+01,5.898509073076956355e+01,2.911531207250434683e+00,-8.714558268962209128e-03,1.500000000000000000e+00
2.282401945880399978e+02,3.911807825220759582e+01,5.912990297765327341e+01,2.907142454388731423e+00,-5.246533826928045409e-03,1.500000000000000000e+00
2.288689554546737099e+02,3.850670051688432949e+01,5.927675627845587059e+01,2.904938836889606080e+00,-1.761560460631803006e-03,1.500000000000000000e+00
2.294977163213074220e+02,3.789550332402699695e+01,5.942428238565559440e+01,2.904927521781124344e+00,1.725641176743555969e-03,1.500000000000000000e+00
2.301264771879411626e+02,3.728415309926731425e+01,5.957114362892330917e+01,2.907109137525851317e+00,5.214910381094175866e-03,1.500000000000000000e+00
2.307552380545748747e+02,3.667231273308617290e+01,5.971600235397939116e+01,2.911485406481550076e+00,8.705326182283076863e-03,1.500000000000000000e+00
2.313839989212085868e+02,3.605967411468562744e+01,5.985751370213922939e+01,2.918047607620494865e+00,1.204953611403926372e-02,1.500000000000000000e+00
2.320127597878422989e+02,3.544601499151504953e+01,5.999440069671968701e+01,2.926473764502375285e+00,1.475385624568370697e-02,1.500000000000000000e+00
2.326415206544760395e+02,3.483107832086997036e+01,6.012559642414973382e+01,2.936601099750620225e+00,1.745872732407511771e-02,1.500000000000000000e+00
2.332702815211097516e+02,3.421474914178414650e+01,6.024996924107563245e+01,2.948786646684317780e+00,2.155715087962741319e-02,1.500000000000000000e+00
2.338990423877434637e+02,3.359678818460297123e+01,6.036597659984261810e+01,2.963728717210628361e+00,2.597184713104616974e-02,1.500000000000000000e+00
2.345278032543771758e+02,3.297701070827951497e+01,6.047188551299984738e+01,2.981369663545939463e+00,2.982414724182449670e-02,1.500000000000000000e+00
2.351565641210109163e+02,3.235536196520622099e+01,6.056616796193023333e+01,3.001108833207278614e+00,3.296632567509301392e-02,1.500000000000000000e+00
2.357853249876446284e+02,3.173189773672859104e+01,6.064754419770774518e+01,3.022832531201052220e+00,3.626819761743904635e-02,1.500000000000000000e+00
2.364140858542783405e+02,3.110664930168906395e+01,6.071458040533379830e+01,3.047289091030045416e+00,4.152443525639173266e-02,1.500000000000000000e+00
2.370428467209120527e+02,3.048000483667059157e+01,6.076525761544910864e+01,3.075061975056607277e+00,4.683023134586793840e-02,1.500000000000000000e+00
2.376716075875457932e+02,2.985205779886279842e+01,6.079751289712482532e+01,3.105870829647630060e+00,5.072163913068721691e-02,1.500000000000000000e+00
2.383003684541795053e+02,2.922344698680965180e+01,6.080972918407727690e+01,3.138798090831726118e+00,5.402555543588591358e-02,1.500000000000000000e+00
2.389291293208132174e+02,2.859484267980293026e+01,6.080059276253311396e+01,-3.109415350631920649e+00,5.693893448542621666e-02,1.500000000000000000e+00
2.395578901874469295e+02,2.796689302790925069e+01,6.076898369523122057e+01,-3.072962744980658467e+00,5.902080540632620442e-02,1.500000000000000000e+00
2.401866510540806701e+02,2.734060864772339627e+01,6.071410217033128731e+01,-3.035183732536868906e+00,6.116430539920518494e-02,1.500000000000000000e+00
2.408154119207143822e+02,2.671691795759294052e+01,6.063536172436843685e+01,-2.996925905208112528e+00,6.040370401819773749e-02,1.500000000000000000e+00
2.414441727873480943e+02,2.609656037417246566e+01,6.053297760902181324e+01,-2.959216721651928950e+00,5.955104991938390407e-02,1.500000000000000000e+00
2.420729336539818064e+02,2.548051141542925535e+01,6.040746624771149698e+01,-2.922167676134534098e+00,5.798812468044965696e-02,1.500000000000000000e+00
2.427016945206155185e+02,2.486942582463700191e+01,6.025958055145565595e+01,-2.886351013699689272e+00,5.595598558271571571e-02,1.500000000000000000e+00
2.433304553872492590e+02,2.426384689503188241e+01,6.009026488520774478e+01,-2.851760650041886613e+00,5.425939850807386111e-02,1.500000000000000000e+00
2.439592162538829712e+02,2.366447771839439085e+01,5.990037573516331548e+01,-2.817879714358416443e+00,5.352164296888151096e-02,1.500000000000000000e+00
2.445879771205166833e+02,2.307183328540464018e+01,5.969042412155910426e+01,-2.784442086272503669e+00,5.284981725611649639e-02,1.500000000000000000e+00
2.452167379871503954e+02,2.248646547059882295e+01,5.946097707691662038e+01,-2.751885594083888442e+00,5.043453692398486982e-02,1.500000000000000000e+00
2.458454988537841359e+02,2.190865649303486862e+01,5.921308015962988947e+01,-2.721025708108417263e+00,4.773539128004954807e-02,1.500000000000000000e+00
2.464742597204178480e+02,2.133853277769106072e+01,5.894792552980599254e+01,-2.691656765660499939e+00,4.636671731989297496e-02,1.500000000000000000e+00
2.471030205870515601e+02,2.077640770366101108e+01,5.866624551093066486e+01,-2.662462560986298410e+00,4.650001276347644902e-02,1.500000000000000000e+00
2.477317814536852723e+02,2.022280880407286929e+01,5.836828034563084344e+01,-2.633186291996105766e+00,4.634697971968331637e-02,1.500000000000000000e+00
2.483605423203190128e+02,1.967801873856194206e+01,5.805442631758189975e+01,-2.604991679162889096e+00,4.334055745521195324e-02,1.500000000000000000e+00
2.489893031869527249e+02,1.914196505669851689e+01,5.772583281810700839e+01,-2.578678795263678047e+00,4.036235070432724059e-02,1.500000000000000000e+00
2.496180640535864370e+02,1.861445691554460780e+01,5.738365552219385535e+01,-2.553629096573404755e+00,4.005490497610796757e-02,1.500000000000000000e+00
2.502468249202201491e+02,1.809575934935104158e+01,5.702831327863597721e+01,-2.528212833929801118e+00,4.079504234853378181e-02,1.500000000000000000e+00
2.508755857868538897e+02,1.758636679029631722e+01,5.665981165623912830e+01,-2.502459255231892943e+00,4.036025380205236768e-02,1.500000000000000000e+00
2.515043466534876018e+02,1.708644193038832526e+01,5.627854266841499964e+01,-2.477898019918402639e+00,3.777073286879017305e-02,1.500000000000000000e+00
2.521331075201213139e+02,1.659566136431315186e+01,5.588546819291566692e+01,-2.454956953920681251e+00,3.520141746615446099e-02,1.500000000000000000e+00
2.527618683867550260e+02,1.611386079378424085e+01,5.548151206522010170e+01,-2.432705431638101601e+00,3.560932420210596167e-02,1.500000000000000000e+00
2.533906292533887665e+02,1.564121361530480492e+01,5.506686001334941949e+01,-2.410172730067270397e+00,3.606689915126571472e-02,1.500000000000000000e+00
2.540193901200224786e+02,1.517807888767369562e+01,5.464162405423125080e+01,-2.387568122313657781e+00,3.538735203938256357e-02,1.500000000000000000e+00
2.546481509866561908e+02,1.472451174423519404e+01,5.420619146331629423e+01,-2.365759875340941232e+00,3.398452162731101928e-02,1.500000000000000000e+00
2.552769118532899029e+02,1.428034195529244954e+01,5.376115349694926948e+01,-2.344791781629503635e+00,3.305971073457748821e-02,1.500000000000000000e+00
2.559056727199236434e+02,1.384555422197824903e+01,5.330693903351667728e+01,-2.323846633297876441e+00,3.356492522338324486e-02,1.500000000000000000e+00
2.565344335865573271e+02,1.342047806243441421e+01,5.284368189473357091e+01,-2.302579434322704621e+00,3.408835852725525944e-02,1.500000000000000000e+00
2.571631944531910676e+02,1.300535311986850218e+01,5.237145000041136456e+01,-2.281394888220147354e+00,3.308941730426008532e-02,1.500000000000000000e+00
2.577919553198248082e+02,1.260014828937046794e+01,5.189069127802012105e+01,-2.260977138810810416e+00,3.185902438109674412e-02,1.500000000000000000e+00
2.584207161864584918e+02,1.220465871742360164e+01,5.140192138660043497e+01,-2.241353289635871882e+00,3.048868761466952404e-02,1.500000000000000000e+00
2.590494770530922324e+02,1.181860377321224576e+01,5.090565513803914399e+01,-2.222660642302400902e+00,2.897180990669809275e-02,1.500000000000000000e+00
2.596782379197259729e+02,1.144164216180294957e+01,5.040242521785182817e+01,-2.204929311679225901e+00,2.718302339518595054e-02,1.500000000000000000e+00
2.603069987863596566e+02,1.107327863651616440e+01,4.989292741140560850e+01,-2.189050511666245313e+00,2.332882134395068002e-02,1.500000000000000000e+00
2.609357596529933971e+02,1.071238465881805624e+01,4.937801950361706815e+01,-2.175591987779448289e+00,1.948028376100363959e-02,1.500000000000000000e+00
2.615645205196270808e+02,1.035785303188241180e+01,4.885875453659942735e+01,-2.164492451833980535e+00,1.588775164598811226e-02,1.500000000000000000e+00
2.621932813862608214e+02,1.000851873370018019e+01,4.833596184332356671e+01,-2.155605724835524040e+00,1.238016014043273084e-02,1.500000000000000000e+00
2.628220422528945619e+02,9.663259990881922334e+00,4.781044900044474133e+01,-2.148856330635077416e+00,9.446399566562280886e-03,1.500000000000000000e+00
2.634508031195282456e+02,9.321158126609603300e+00,4.728289395227994163e+01,-2.143535763557200990e+00,7.477438682836344205e-03,1.500000000000000000e+00
2.640795639861619861e+02,8.981550875224730390e+00,4.675375273665690656e+01,-2.139453211302650093e+00,5.514784015106581790e-03,1.500000000000000000e+00
2.647083248527956698e+02,8.643835176268622078e+00,4.622336381486785228e+01,-2.136190850668231445e+00,4.861941299619726431e-03,1.500000000000000000e+00
2.653370857194294103e+02,8.307757912351277696e+00,4.569196940824372888e+01,-2.133339216067008604e+00,4.208800492207507779e-03,1.500000000000000000e+00
2.659658465860631509e+02,7.973088286159029536e+00,4.515967832768554757e+01,-2.130859306189759828e+00,3.754644185664978307e-03,1.500000000000000000e+00
2.665946074526968346e+02,7.639676382735069993e+00,4.462659680756762981e+01,-2.128603383731833443e+00,3.421102895262727317e-03,1.500000000000000000e+00
2.672233683193305751e+02,7.307415253091243734e+00,4.409280467579212370e+01,-2.126557169635555855e+00,3.088426259577383912e-03,1.500000000000000000e+00
2.678521291859643156e+02,6.976187585975896610e+00,4.355836214192445510e+01,-2.124718965508429314e+00,2.758629031732071253e-03,1.500000000000000000e+00
2.684808900525979993e+02,6.645888130457794141e+00,4.302334705178836316e+01,-2.123088145234766078e+00,2.428783268816671944e-03,1.500000000000000000e+00
2.691096509192317399e+02,6.316402081630673848e+00,4.248783157003921929e+01,-2.121693069290336187e+00,1.995793901322212224e-03,1.500000000000000000e+00
2.697384117858654236e+02,5.987587103985545056e+00,4.195190113057002179e+01,-2.120578980990160733e+00,1.547963654645300498e-03,1.500000000000000000e+00
2.703671726524991641e+02,5.659294065906697924e+00,4.141565140346849461e+01,-2.119747587544480449e+00,1.093131620061555493e-03,1.500000000000000000e+00
2.709959335191329046e+02,5.331369781473928704e+00,4.087917653546550412e+01,-2.119205394239703111e+00,6.315128638126222150e-04,1.500000000000000000e+00
2.716246943857665883e+02,5.003657387491722730e+00,4.034256961762271487e+01,-2.118953585364475423e+00,1.663269843621108181e-04,1.500000000000000000e+00
2.722534552524003288e+02,4.676001030924188839e+00,3.980593069525095729e+01,-2.119003061263313725e+00,-3.237020203002386885e-04,1.500000000000000000e+00
2.728822161190340694e+02,4.348235203251385350e+00,3.926935805477861408e+01,-2.119360648213017839e+00,-8.137324488987665279e-04,1.500000000000000000e+00
2.735109769856677531e+02,4.020191155273883155e+00,3.873295120890521304e+01,-2.120039861740527165e+00,-1.360356379188299965e-03,1.500000000000000000e+00
2.741397378523014936e+02,3.691690242149914258e+00,3.819682826364463324e+01,-2.121072700491882124e+00,-1.924971467159663748e-03,1.500000000000000000e+00
2.747684987189351773e+02,3.362539575862091734e+00,3.766110208421721239e+01,-2.122464239302370714e+00,-2.520499440676790028e-03,1.500000000000000000e+00
2.753972595855689178e+02,3.032536966892052988e+00,3.712589528732386412e+01,-2.124252282068432862e+00,-3.166990714908329754e-03,1.500000000000000000e+00
2.760260204522026584e+02,2.701479172131930451e+00,3.659136266972694784e+01,-2.126446805028710862e+00,-3.811383528914845734e-03,1.500000000000000000e+00
2.766547813188363421e+02,2.369141532266988204e+00,3.605760049766659137e+01,-2.128982077194468303e+00,-4.252833232414116732e-03,1.500000000000000000e+00
2.772835421854700826e+02,2.035384941444058793e+00,3.552474031379021824e+01,-2.131794804171963875e+00,-4.694091378604992905e-03,1.500000000000000000e+00
2.779123030521038231e+02,1.700086295447986506e+00,3.499287750129133912e+01,-2.134738360923011946e+00,-4.395326142939801235e-03,1.500000000000000000e+00
2.785410639187375068e+02,1.363312969983780043e+00,3.446192622178269716e+01,-2.137270971433040678e+00,-3.660574789871709478e-03,1.500000000000000000e+00
2.791698247853712473e+02,1.025319591666918884e+00,3.393174805488015977e+01,-2.139291948990350800e+00,-2.327410037540876900e-03,1.500000000000000000e+00
2.797985856520049310e+02,6.866432225382337329e-01,3.340209873176394240e+01,-2.139810608290329874e+00,6.766940805604632850e-04,1.500000000000000000e+00
2.804273465186386716e+02,3.480882058537929091e-01,3.287214263304474571e+01,-2.138441619992691223e+00,3.675893357093085526e-03,1.500000000000000000e+00
2.810561073852724121e+02,1.100724103804957485e-02,3.234154342143393990e+01,-2.134453620797019724e+00,9.328361577744616329e-03,1.500000000000000000e+00
2.816848682519060958e+02,-3.230573351698125539e-01,3.180881470574056991e+01,-2.126700230978595396e+00,1.532946315365031620e-02,1.500000000000000000e+00
2.823136291185398363e+02,-6.519657307044652850e-01,3.127285156979745295e+01,-2.114938676640011117e+00,2.280538361508526943e-02,1.500000000000000000e+00
2.829423899851735200e+02,-9.731001906933622880e-01,3.073227351826111686e+01,-2.097796270941573393e+00,3.172608173808857956e-02,1.500000000000000000e+00
2.835711508518072606e+02,-1.283415451933500595e+00,3.018534453208167179e+01,-2.075025984654850220e+00,4.085689320554535681e-02,1.500000000000000000e+00
2.841999117184410011e+02,-1.579618156010442753e+00,2.963039452115888395e+01,-2.046019409165946712e+00,5.139956641244834007e-02,1.500000000000000000e+00
2.848286725850746848e+02,-1.857488546703504495e+00,2.906664584915980143e+01,-2.010347591202163109e+00,6.213523530185271343e-02,1.500000000000000000e+00
2.854574334517084253e+02,-2.113471004070700765e+00,2.849178955333474050e+01,-1.968120677083727399e+00,7.182243568467433503e-02,1.500000000000000000e+00
2.860861943183421658e+02,-2.342992919416019504e+00,2.790653051260877859e+01,-1.919933119525309539e+00,8.153324739015320455e-02,1.500000000000000000e+00
2.867149551849758495e+02,-2.542140599918831345e+00,2.731056365117123619e+01,-1.865705457566702918e+00,9.035816244315021672e-02,1.500000000000000000e+00
2.873437160516095901e+02,-2.707284742311057091e+00,2.670382994238238439e+01,-1.806630547262600306e+00,9.752922961702603644e-02,1.500000000000000000e+00
2.879724769182432738e+02,-2.834812571618653632e+00,2.608877555625419475e+01,-1.743118479980656721e+00,1.039327706581155281e-01,1.500000000000000000e+00
2.886012377848770143e+02,-2.922896917539783423e+00,2.546690265879505688e+01,-1.680920011481265908e+00,9.409725832365053999e-02,1.500000000000000000e+00
2.892299986515107548e+02,-2.974132981918748087e+00,2.483999441199774694e+01,-1.624778300677573561e+00,8.445184546486438071e-02,1.500000000000000000e+00
2.898587595181444385e+02,-2.991861085618162885e+00,2.421165413216003159e+01,-1.573715473200030024e+00,7.930661670434925592e-02,1.500000000000000000e+00
2.904875203847781791e+02,-2.978224490810820413e+00,2.358304767915317157e+01,-1.524814272538399740e+00,7.628243225590429499e-02,1.500000000000000000e+00
2.911162812514119196e+02,-2.934456863981294905e+00,2.295569571316435997e+01,-1.477949910194932714e+00,7.116900586446958665e-02,1.500000000000000000e+00
2.917450421180456033e+02,-2.862852816251026944e+00,2.233126674728410777e+01,-1.436336602605605473e+00,6.125477001360594281e-02,1.500000000000000000e+00
2.923738029846793438e+02,-2.767166794193093082e+00,2.170951326483854871e+01,-1.400881010762435874e+00,5.149894433300942348e-02,1.500000000000000000e+00
2.930025638513130275e+02,-2.651412534134028220e+00,2.109168414709873574e+01,-1.371172280577807490e+00,4.307224337702007799e-02,1.500000000000000000e+00
2.936313247179467680e+02,-2.518913909905801773e+00,2.047695953069623442e+01,-1.346704280897108807e+00,3.476099432830932062e-02,1.500000000000000000e+00
2.942600855845805086e+02,-2.373000062726006387e+00,1.986527074098327716e+01,-1.327391689449569645e+00,2.676189808726838967e-02,1.500000000000000000e+00
2.948888464512141923e+02,-2.216832625176198945e+00,1.925620612189579717e+01,-1.313024717028720811e+00,1.893778904004077973e-02,1.500000000000000000e+00
2.955176073178479328e+02,-2.053424749746900702e+00,1.864905133533192227e+01,-1.303556496886039806e+00,1.139280936538943426e-02,1.500000000000000000e+00
2.961463681844816733e+02,-1.885615786397781379e+00,1.804303016949447169e+01,-1.298455165433640257e+00,4.830544897431041790e-03,1.500000000000000000e+00
2.967751290511153570e+02,-1.716004027978389468e+00,1.743765340295676225e+01,-1.297482924318072550e+00,-1.739061919836286428e-03,1.500000000000000000e+00
2.974038899177490975e+02,-1.546984321591599931e+00,1.683195677710842730e+01,-1.300462920799386746e+00,-7.622756497084718502e-03,1.500000000000000000e+00
2.980326507843827812e+02,-1.380896567582776013e+00,1.622555533911990722e+01,-1.307063011909727290e+00,-1.337351080639987908e-02,1.500000000000000000e+00
2.986614116510165218e+02,-1.219905626301373891e+00,1.561777172967498828e+01,-1.317218985580129731e+00,-1.870409055831880052e-02,1.500000000000000000e+00
2.992901725176502623e+02,-1.066055004055334265e+00,1.500809991736935345e+01,-1.330503485343116576e+00,-2.355170650743504748e-02,1.500000000000000000e+00
2.999189333842839460e+02,-9.212758739352880921e-01,1.439633204977908854e+01,-1.346826546122273704e+00,-2.809452241752200333e-02,1.500000000000000000e+00
3.005476942509176865e+02,-7.871187498976878194e-01,1.378203946109890410e+01,-1.364852867573757678e+00,-2.924405646800050732e-02,1.500000000000000000e+00
3.011764551175514271e+02,-6.642863166628677485e-01,1.316541997819859056e+01,-1.383602609953586526e+00,-3.039829381205871872e-02,1.500000000000000000e+00
3.018052159841851108e+02,-5.532352956270556454e-01,1.254658387110860396e+01,-1.402890284527630094e+00,-3.072322366284600467e-02,1.500000000000000000e+00
3.024339768508188513e+02,-4.541526097812207952e-01,1.192569131377977776e+01,-1.422209645300499092e+00,-3.073048332817361616e-02,1.500000000000000000e+00
3.030627377174525350e+02,-3.670781669808869108e-01,1.130300154846358218e+01,-1.441440514667951422e+00,-2.985001052239116826e-02,1.500000000000000000e+00
3.036914985840862755e+02,-2.916583859794133482e-01,1.067881752898779624e+01,-1.459384939919386781e+00,-2.723294654926671637e-02,1.500000000000000000e+00
3.043202594507200160e+02,-2.269289173216009758e-01,1.005334899400858362e+01,-1.475689862957996201e+00,-2.462886337643287876e-02,1.500000000000000000e+00
3.049490203173536997e+02,-1.719704054936048720e-01,9.427021673891173847e+00,-1.490706518442453499e+00,-2.316895550554011821e-02,1.500000000000000000e+00
3.055777811839874403e+02,-1.261392425627594627e-01,8.799925945846631237e+00,-1.504826891043424819e+00,-2.174648981515453494e-02,1.500000000000000000e+00
3.062065420506211240e+02,-8.887030994293164399e-02,8.172271339871478801e+00,-1.517916931241846346e+00,-1.958927344750479790e-02,1.500000000000000000e+00
3.068353029172548645e+02,-5.932947788592363159e-02,7.544209006319031019e+00,-1.529396005533338432e+00,-1.692457730105076386e-02,1.500000000000000000e+00
3.074640637838886050e+02,-3.647437686632807458e-02,6.915857398437409209e+00,-1.539218985649369653e+00,-1.451722933124634241e-02,1.500000000000000000e+00
3.080928246505222887e+02,-1.938997907894540046e-02,6.287328836587139591e+00,-1.547862415146380677e+00,-1.297631489368444857e-02,1.500000000000000000e+00
3.087215855171560293e+02,-7.434353792680266360e-03,5.658685074927701564e+00,-1.555537201328148322e+00,-1.143640675694184566e-02,1.500000000000000000e+00
3.093503463837897698e+02,3.408101269373778569e-05,5.029969859204234339e+00,-1.562054869040809590e+00,-9.184839061549035164e-03,1.500000000000000000e+00
3.099791072504234535e+02,3.871756755347958295e-03,4.401222043798063588e+00,-1.567080899839142782e+00,-6.802300114068870508e-03,1.500000000000000000e+00
3.106078681170571940e+02,5.019402061180212003e-03,3.772462053660274428e+00,-1.570617240004315684e+00,-4.475004931809350474e-03,1.500000000000000000e+00
3.112366289836908777e+02,4.396823935218766369e-03,3.143701184956094075e+00,-1.572718144372356353e+00,-2.207671083444790166e-03,1.500000000000000000e+00
3.118653898503246182e+02,2.901463896994873302e-03,2.514942825439018037e+00,-1.573393616732391198e+00,5.369360166465713118e-05,1.500000000000000000e+00
3.124941507169583588e+02,1.424319094140937946e-03,1.886182003289256448e+00,-1.572666497567117849e+00,2.259178158554190751e-03,1.500000000000000000e+00
3.131229115835920425e+02,8.403224167468439660e-04,1.257423158397055429e+00,-1.570552650807454320e+00,4.464679787169849312e-03,1.500000000000000000e+00
3.137516724502257830e+02,1.975832950035125504e-03,6.286674001798421285e-01,-1.567349783702267407e+00,5.372903819524720709e-03,1.500000000000000000e+00
